<?xml version="1.0"?>
<!--
/**
 * Mageplaza
 *
 * NOTICE OF LICENSE
 *
 * This source file is subject to the Mageplaza.com license that is
 * available through the world-wide-web at this URL:
 * https://www.mageplaza.com/LICENSE.txt
 *
 * DISCLAIMER
 *
 * Do not edit or add to this file if you wish to upgrade this extension to newer
 * version in the future.
 *
 * @category    Mageplaza
 * @package     Mageplaza_Blog
 * @copyright   Copyright (c) 2016 Mageplaza (http://www.mageplaza.com/)
 * @license     https://www.mageplaza.com/LICENSE.txt
 */
-->
<config xmlns:xsi="http://www.w3.org/2001/XMLSchema-instance" xsi:noNamespaceSchemaLocation="urn:magento:framework:ObjectManager/etc/config.xsd">
    <type name="Magento\Theme\Block\Html\Topmenu">
        <plugin name="blog-topmenu" type="Mageplaza\Blog\Plugin\Topmenu" />
    </type>
    <virtualType name="MageplazaBlogGirdFilterPool" type="Magento\Framework\View\Element\UiComponent\DataProvider\FilterPool">
        <arguments>
            <argument name="appliers" xsi:type="array">
                <item name="regular" xsi:type="object">Magento\Framework\View\Element\UiComponent\DataProvider\RegularFilter</item>
                <item name="fulltext" xsi:type="object">Magento\Framework\View\Element\UiComponent\DataProvider\FulltextFilter</item>
            </argument>
        </arguments>
    </virtualType>
    <virtualType name="MageplazaBlogPostGridDataProvider" type="Magento\Framework\View\Element\UiComponent\DataProvider\DataProvider">
        <arguments>
            <argument name="collection" xsi:type="object" shared="false">Mageplaza\Blog\Model\ResourceModel\Post\Collection</argument>
            <argument name="filterPool" xsi:type="object" shared="false">MageplazaBlogGirdFilterPool</argument>
        </arguments>
    </virtualType>
    <virtualType name="MageplazaBlogTagGridDataProvider" type="Magento\Framework\View\Element\UiComponent\DataProvider\DataProvider">
        <arguments>
            <argument name="collection" xsi:type="object" shared="false">Mageplaza\Blog\Model\ResourceModel\Tag\Collection</argument>
            <argument name="filterPool" xsi:type="object" shared="false">MageplazaBlogGirdFilterPool</argument>
        </arguments>
    </virtualType>
    <virtualType name="MageplazaBlogTopicGridDataProvider" type="Magento\Framework\View\Element\UiComponent\DataProvider\DataProvider">
        <arguments>
            <argument name="collection" xsi:type="object" shared="false">Mageplaza\Blog\Model\ResourceModel\Topic\Collection</argument>
            <argument name="filterPool" xsi:type="object" shared="false">MageplazaBlogGirdFilterPool</argument>
        </arguments>
    </virtualType>
    <type name="Mageplaza\Blog\Model\ResourceModel\Post\Grid\Collection">
        <arguments>
            <argument name="mainTable" xsi:type="string">mageplaza_blog_post</argument>
            <argument name="eventPrefix" xsi:type="string">mageplaza_blog_post_grid_collection</argument>
            <argument name="eventObject" xsi:type="string">post_grid_collection</argument>
            <argument name="resourceModel" xsi:type="string">Mageplaza\Blog\Model\ResourceModel\Post</argument>
        </arguments>
    </type>
    <type name="Mageplaza\Blog\Model\ResourceModel\Tag\Grid\Collection">
        <arguments>
            <argument name="mainTable" xsi:type="string">mageplaza_blog_tag</argument>
            <argument name="eventPrefix" xsi:type="string">mageplaza_blog_tag_grid_collection</argument>
            <argument name="eventObject" xsi:type="string">tag_grid_collection</argument>
            <argument name="resourceModel" xsi:type="string">Mageplaza\Blog\Model\ResourceModel\Tag</argument>
        </arguments>
    </type>
    <type name="Mageplaza\Blog\Model\ResourceModel\Topic\Grid\Collection">
        <arguments>
            <argument name="mainTable" xsi:type="string">mageplaza_blog_topic</argument>
            <argument name="eventPrefix" xsi:type="string">mageplaza_blog_topic_grid_collection</argument>
            <argument name="eventObject" xsi:type="string">topic_grid_collection</argument>
            <argument name="resourceModel" xsi:type="string">Mageplaza\Blog\Model\ResourceModel\Topic</argument>
        </arguments>
    </type>
    <type name="Magento\Framework\View\Element\UiComponent\DataProvider\CollectionFactory">
        <arguments>
            <argument name="collections" xsi:type="array">
                <item name="mageplaza_blog_post_listing_data_source" xsi:type="string">Mageplaza\Blog\Model\ResourceModel\Post\Grid\Collection</item>
                <item name="mageplaza_blog_tag_listing_data_source" xsi:type="string">Mageplaza\Blog\Model\ResourceModel\Tag\Grid\Collection</item>
                <item name="mageplaza_blog_topic_listing_data_source" xsi:type="string">Mageplaza\Blog\Model\ResourceModel\Topic\Grid\Collection</item>
            </argument>
        </arguments>
    </type>
    <type name="Magento\Framework\App\Rss\RssManagerInterface">
        <arguments>
            <argument name="dataProviders" xsi:type="array">
                <item name="blog_posts" xsi:type="string">Mageplaza\Blog\Block\Post\Rss\Lists</item>
                <!--<item name="blog_categories" xsi:type="string">Mageplaza\Blog\Block\Post\Rss\Category</item>-->
            </argument>
        </arguments>
    </type>
	<preference for="Magento\Sitemap\Model\Sitemap" type="Mageplaza\Blog\Model\Sitemap"/>
</config>
