<?xml version="1.0"?>
<!--
/**
 * Mageplaza
 *
 * NOTICE OF LICENSE
 *
 * This source file is subject to the Mageplaza.com license that is
 * available through the world-wide-web at this URL:
 * https://www.mageplaza.com/LICENSE.txt
 *
 * DISCLAIMER
 *
 * Do not edit or add to this file if you wish to upgrade this extension to newer
 * version in the future.
 *
 * @category    Mageplaza
 * @package     Mageplaza_Blog
 * @copyright   Copyright (c) 2016 Mageplaza (http://www.mageplaza.com/)
 * @license     https://www.mageplaza.com/LICENSE.txt
 */
-->
<config xmlns:xsi="http://www.w3.org/2001/XMLSchema-instance" xsi:noNamespaceSchemaLocation="urn:magento:module:Magento_Config:etc/system_file.xsd">
    <system>
        <section id="blog" translate="label" type="text" sortOrder="300" showInDefault="1" showInWebsite="1" showInStore="1">
            <class>separator-top</class>
            <label>Better Blog</label>
            <tab>mageplaza</tab>
            <resource>Mageplaza_Blog::configuration</resource>
            <group id="general" translate="label" type="text" sortOrder="1" showInDefault="1" showInWebsite="1" showInStore="1">
                <label>General</label>
                <field id="head" translate="label" type="button" sortOrder="1" showInDefault="1" showInWebsite="1" showInStore="1">
                    <frontend_model>Mageplaza\Blog\Block\Adminhtml\System\Config\Head</frontend_model>
                </field>
                <!--<field id="version" translate="label" type="button" sortOrder="2" showInDefault="1" showInWebsite="1" showInStore="1">-->
                    <!--<frontend_model>Mageplaza\Core\Block\Adminhtml\System\Config\Version</frontend_model>-->
                <!--</field>-->

                <field id="enabled" translate="label comment" type="select" sortOrder="2" showInDefault="1" showInWebsite="1" showInStore="1">
                    <label>Enable</label>
                    <source_model>Magento\Config\Model\Config\Source\Yesno</source_model>
                </field>
                <field id="name" translate="label" type="text" sortOrder="11" showInDefault="1" showInWebsite="1" showInStore="1">
                    <label>Blog name</label>
                    <comment>Blog name</comment>
                </field>
                <field id="url_prefix" translate="label" type="text" sortOrder="15" showInDefault="1" showInWebsite="1" showInStore="1">
                    <label>Route name</label>
                </field>
                <field id="url_suffix" translate="label" type="text" sortOrder="16" showInDefault="1" showInWebsite="1" showInStore="1">
                    <label>Url Suffix</label>
                    <comment>Leave empty for no suffix. Default: .html</comment>
                </field>
                <field id="toplinks" translate="label comment" type="select" sortOrder="20" showInDefault="20"
                       showInWebsite="1" showInStore="1">
                    <label>Show Blog Link in Top Menu</label>
                    <source_model>Magento\Config\Model\Config\Source\Yesno</source_model>
                </field>
                <field id="footer" translate="label comment" type="select" sortOrder="25" showInDefault="20" showInWebsite="1" showInStore="1">
                    <label>Show Blog Link in Footer links</label>
                    <source_model>Magento\Config\Model\Config\Source\Yesno</source_model>
                </field>

                <field id="related_post" translate="label comment" type="text" sortOrder="35" showInDefault="1" showInStore="1" showInWebsite="1">
                    <label>Limit related post</label>
                    <comment>Number of related post in post view page</comment>
                </field>
                <field id="display_style" translate="label comment" type="select" sortOrder="40" showInDefault="1" showInStore="1" showInWebsite="1">
                    <label>Display blogs style</label>
                    <source_model>Mageplaza\Blog\Model\Config\Source\Blogview\Display</source_model>
                    <comment>Grid view style is better</comment>
                </field>
                <field id="display_author" translate="label comment" type="select" sortOrder="50" showInDefault="20"
                       showInWebsite="1" showInStore="1">
                    <label>Display author</label>
                    <source_model>Magento\Config\Model\Config\Source\Yesno</source_model>
                </field>
                <field id="display_sitemap" translate="label comment" type="select" sortOrder="55" showInDefault="20"
                       showInWebsite="1" showInStore="1">
                    <label>Display sitemap</label>
                    <source_model>Magento\Config\Model\Config\Source\Yesno</source_model>
                </field>
                <field id="date_type" translate="label" type="select" sortOrder="57" showInDefault="1" showInWebsite="1" showInStore="1">
                    <label>Type of Datetime</label>
                    <source_model>Mageplaza\Blog\Model\Config\Source\DateFormat\Type</source_model>
                </field>
                <field id="font_color" translate="label comment" type="text" sortOrder="60" showInWebsite="1" showInStore="1" showInDefault="1">
                    <label>Choose blog's color</label>
                    <validate>jscolor {hash:true,refine:false}</validate>
                </field>
                <field id="pagination" translate="label comment" type="text" sortOrder="70" showInDefault="1" showInStore="1" showInWebsite="1">
                    <label>Pagination</label>
                    <comment>Number of post per page</comment>
                </field>
                <group id="resize_image" translate="label" showInDefault="1" sortOrder="80" showInWebsite="1" showInStore="1">
                    <label>Resize Content Image</label>
                    <field id="resize_width" translate="label comment" type="text" sortOrder="10" showInDefault="1" showInStore="1" showInWebsite="1">
                        <label>Resize Width</label>
                        <comment>Resize Image Width (px)</comment>
                    </field>
                    <field id="resize_height" translate="label comment" type="text" sortOrder="20" showInDefault="1" showInStore="1" showInWebsite="1">
                        <label>Resize Height</label>
                        <comment>Resize Image Height (px)</comment>
                    </field>
                </group>
            </group>
            <group id="product_post" translate="label" showInDefault="1" sortOrder="5" showInWebsite="1" showInStore="1">
                <label>Product Post</label>
                <field id="enable_post" translate="label" type="select" sortOrder="10" showInDefault="1" showInWebsite="1" showInStore="1">
                    <label>Enable Product Post</label>
                    <source_model>Magento\Config\Model\Config\Source\Yesno</source_model>
                    <comment>Show/Hide related posts tab in product page</comment>
                </field>
                <field id="post_limit" translate="label" type="text" sortOrder="20" showInDefault="1" showInWebsite="1" showInStore="1">
                    <label>Limit Product Post</label>
                    <comment>Limit number of related posts in product page tab</comment>
                </field>
            </group>
            <group id="sidebar" translate="label" type="text" sortOrder="10" showInDefault="1" showInWebsite="1" showInStore="1">
                <label>Sidebar</label>
                <field id="number_recent_posts" translate="label" type="text" sortOrder="1" showInDefault="1" showInWebsite="1" showInStore="1">
                    <label>Number of recent posts</label>
                </field>
                <field id="number_mostview_posts" translate="label" type="text" sortOrder="10" showInDefault="1" showInWebsite="1" showInStore="1">
                    <label>Number of most view posts</label>
                </field>
                <field id="sidebar_left_right" translate="label comment" type="select" sortOrder="40" showInDefault="20" showInWebsite="1" showInStore="1">
                    <label>Sidebar Location</label>
                    <source_model>Mageplaza\Blog\Model\Config\Source\SideBarLR</source_model>
                </field>
                <group id="search" translate="label" showInDefault="1" sortOrder="100" showInWebsite="1" showInStore="1">
                    <label>Search</label>
                    <field id="enable_search" translate="label" type="select" sortOrder="10" showInDefault="1" showInWebsite="1" showInStore="1">
                        <label>Enable Search Box</label>
                        <source_model>Magento\Config\Model\Config\Source\Yesno</source_model>
                    </field>
                    <field id="search_limit" translate="label" type="text" sortOrder="20" showInDefault="1" showInWebsite="1" showInStore="1">
                        <label>Maximum Query Result</label>
                    </field>
                    <field id="min_chars" translate="label" type="text" sortOrder="30" showInDefault="1" showInWebsite="1" showInStore="1">
                        <label>Min Chars</label>
                    </field>
                    <field id="show_image" translate="label" type="select" sortOrder="40" showInDefault="1" showInWebsite="1" showInStore="1">
                        <label>Visible Image</label>
                        <source_model>Magento\Config\Model\Config\Source\Yesno</source_model>
                    </field>
                    <field id="description" translate="label" type="text" sortOrder="50" showInDefault="1" showInWebsite="1" showInStore="1">
                        <label>Description length</label>
                    </field>
                </group>
            </group>
            <group id="monthly_archive" translate="label" type="text" sortOrder="11" showInDefault="1" showInWebsite="1" showInStore="1">
                <label>Monthly Archive</label>
                <field id="enable_monthly" translate="label" type="select" sortOrder="10" showInDefault="1" showInWebsite="1" showInStore="1">
                    <label>Enable Monthly Archive</label>
                    <source_model>Magento\Config\Model\Config\Source\Yesno</source_model>
                </field>
                <field id="number_records" translate="label" type="text" sortOrder="20" showInDefault="1" showInWebsite="1" showInStore="1">
                    <label>Number of records</label>
                </field>
                <field id="date_type_monthly" translate="label" type="select" sortOrder="40" showInDefault="1" showInWebsite="1" showInStore="1">
                    <label>Type of Datetime</label>
                    <source_model>Mageplaza\Blog\Model\Config\Source\DateFormat\TypeMonth</source_model>
                </field>
            </group>
            <group id="comment" translate="label" type="text" sortOrder="13" showInDefault="1" showInWebsite="1" showInStore="1">
                <label>Comments</label>
                <field id="type" translate="label" type="select" sortOrder="1" showInDefault="1" showInWebsite="1" showInStore="1">
                    <label>Type of comment</label>
                    <source_model>Mageplaza\Blog\Model\Config\Source\Comments\Type</source_model>
                </field>
                <field id="disqus" translate="label" type="text" sortOrder="10" showInDefault="1" showInWebsite="1" showInStore="1">
                    <label>Disqus unique name</label>
                    <comment><![CDATA[Create at <a href="https://disqus.com/admin/create/" target="_blank">Disqus</a>]]></comment>
                    <depends><field id="type">3</field></depends>
                </field>
                <field id="facebook_appid" translate="label" type="text" sortOrder="15" showInDefault="1" showInWebsite="1" showInStore="1">
                    <label>Facebook: AppID</label>
                    <comment><![CDATA[Regiter AppID <a href="https://developers.facebook.com/apps/" target="_blank">here</a>]]></comment>
                    <depends><field id="type">2</field></depends>
                </field>
                <field id="facebook_number_comment" translate="label" type="text" sortOrder="20" showInDefault="1" showInWebsite="1" showInStore="1">
                    <label>Facebook: Number of comment</label>
                    <comment><![CDATA[The number of comments to show by default. The minimum value is 1.]]></comment>
                    <depends><field id="type">2</field></depends>
                </field>
                <field id="facebook_colorscheme" translate="label" type="select" sortOrder="25" showInDefault="1" showInWebsite="1" showInStore="1">
                    <label>Facebook: Color scheme</label>
                    <depends><field id="type">2</field></depends>
                    <comment><![CDATA[Light/Dark]]></comment>
                    <source_model>Mageplaza\Blog\Model\Config\Source\Comments\Facebook\Colorscheme</source_model>
                </field>
                <field id="facebook_order_by" translate="label" type="select" sortOrder="30" showInDefault="1" showInWebsite="1" showInStore="1">
                    <label>Facebook: Order by</label>
                    <depends><field id="type">2</field></depends>
                    <comment><![CDATA[The order to use when displaying comments. Can be "social", "reverse_time", or "time".]]></comment>
                    <source_model>Mageplaza\Blog\Model\Config\Source\Comments\Facebook\Orderby</source_model>
                </field>
            </group>
            <group id="seo" translate="label" type="text" sortOrder="15" showInDefault="1" showInWebsite="1" showInStore="1">
                <label>SEO</label>
                <field id="meta_title" translate="label" type="text" sortOrder="1" showInDefault="1" showInWebsite="1" showInStore="1">
                    <label>Meta title for posts list page</label>
                </field>
                <field id="meta_description" translate="label" type="textarea" sortOrder="10" showInDefault="1" showInWebsite="1" showInStore="1">
                    <label>Meta description for posts list page</label>
                </field>
                <field id="meta_keywords" translate="label" type="textarea" sortOrder="15" showInDefault="1" showInWebsite="1" showInStore="1">
                    <label>Meta keywords for posts list page</label>
                </field>
                <group id="snippet" translate="label" showInStore="1" showInWebsite="1" sortOrder="100" showInDefault="1">
                    <label>Article Snippet</label>
                    <field id="enabled" translate="label comment" type="select" sortOrder="1" showInDefault="1" showInWebsite="1" showInStore="1">
                        <label>Enable</label>
                        <source_model>Magento\Config\Model\Config\Source\Yesno</source_model>
                    </field>
                    <field id="organize_name" translate="label" type="text" sortOrder="10" showInDefault="1" showInWebsite="1" showInStore="1">
                        <label>Organize or Website name</label>
                    </field>
                    <field id="upload_image_id" translate="label comment" type="image" sortOrder="20" showInDefault="1" showInWebsite="1" showInStore="1">
                        <label>Logo</label>
                        <comment>Choose your website or organize logo.</comment>
                        <backend_model>Mageplaza\Blog\Model\Config\Source\Backend\Image</backend_model>
                        <base_url type="media" scope_info="1">mageplaza/blog/logo</base_url>
                    </field>
                </group>
            </group>
            <group id="share" translate="label" type="text" sortOrder="20" showInDefault="1" showInWebsite="1" showInStore="1">
                <label>Social Sharing</label>
                <field id="enabled" translate="label comment" type="select" sortOrder="1" showInDefault="1" showInWebsite="1" showInStore="1">
                    <label>Enable</label>
                    <source_model>Magento\Config\Model\Config\Source\Yesno</source_model>
                </field>
                <field id="pubid_id" translate="label" type="text" sortOrder="2" showInDefault="1" showInWebsite="1" showInStore="2">
                    <label>Addthis.com Pubid Id</label>
                </field>
            </group>
        </section>
    </system>
</config>
